Name,Trace length,Prefix,Item entropy,Stride entropy,Item conditional entropy,Stride conditional entropy,Exponential function entropy,Linear Function entropy,Infinities,Stack distances
ycsb-sample,8472,1,10.72687,6.01504,1.16781,2.88358,10.33702,-0,1695,0:4601,8:13,16:10,24:24,32:17,40:30,48:6,56:13,64:13,72:22,80:10,88:28,96:64,104:74,112:38,120:7,136:7,144:36,152:70,160:62,168:26,176:12,184:18,192:16,200:11,208:14,216:25,224:18,232:23,240:6,248:12,256:561,264:6,272:3,280:6,288:4,296:4,312:7,320:2,336:5,344:6,352:20,360:10,368:8,376:2,392:3,400:7,408:10,416:17,424:8,432:3,448:3,456:2,464:1,472:5,480:4,488:3,496:2,504:4,512:281,520:5,528:2,536:4,544:2,552:1,560:2,576:4,584:2,600:3,608:6,616:1,624:6,632:2,648:1,656:5,664:3,672:5,680:4,696:1,704:4,712:1,720:3,728:1,736:3,752:1,760:4,768:159,776:3,784:1,792:1,800:2,808:3,816:2,848:1,856:3,864:4,872:6,880:5,888:1,904:1,912:3,920:6,928:3,936:3,944:1,968:1,984:2,992:2,1000:1,1024:76,1032:2,1064:2,1072:1,1120:1,1136:2,1184:2,1192:1,1240:1,1280:31,1336:1,1376:2,1424:1,1440:1,1480:1,1536:12,1696:1,1736:1,1792:8,2152:1,2704:1,3064:2,3072:2,3136:1,3320:8,3432:1,3512:1
2016021709-LUN4,2551815,1,20.36744,17.89951,0.81477,2.02680,14.63853,2.15494,0
